intersection_id,bt_param_raw,bt_score,n_comparisons,n_wins,image_path,leg_bearing,dim_type,dim_risk,dim_priority,dim_speed,is_centrum,is_augmented,aug_seed,sample_id
188278029,1.0314221526409022,1.0,5,5,/assets/images/188278029.jpeg,358.3,4+,_,VRI,_,False,False,0,188278029_orig
600488624,1.0181210296831291,0.995678588584796,15,12,/assets/images/600488624.jpeg,244.9,T,_,voorrang,_,False,False,0,600488624_orig
192266023,0.958283079477031,0.9762377938561132,5,5,/assets/images/192266023.jpeg,160.1,4+,_,voorrang,_,False,False,0,192266023_orig
187270060,0.9562033522114672,0.9755621097672996,4,4,/assets/images/187270060.jpeg,243.1,4+,_,VRI,_,False,False,0,187270060_orig
186275043,0.9552917035210552,0.9752659235678404,5,5,/assets/images/186275043.jpeg,105.7,4+,_,VRI,_,True,False,0,186275043_orig
600483010,0.9335032466770654,0.968187056135052,54,43,/assets/images/600483010.jpeg,55.0,4+,_,geen_voorrang,_,False,False,0,600483010_orig
186275023,0.8855503182228004,0.9526075946811136,5,4,/assets/images/186275023.jpeg,278.3,4+,_,geen_voorrang,_,False,False,0,186275023_orig
188274022,0.8576633072973261,0.943547363621537,3,3,/assets/images/188274022.jpeg,110.3,4+,_,VRI,_,False,False,0,188274022_orig
184263029,0.7848459112213191,0.9198896673783494,3,3,/assets/images/184263029.jpeg,103.7,T,_,geen_voorrang,_,False,False,0,184263029_orig
183264037,0.7848459112213191,0.9198896673783494,3,3,/assets/images/183264037.jpeg,100.9,T,_,geen_voorrang,_,False,False,0,183264037_orig
190267091,0.7614498250348705,0.9122884960909184,3,3,/assets/images/190267091.jpeg,85.2,4+,_,voorrang,_,False,False,0,190267091_orig
189275160,0.7604122364099049,0.9119513931754392,3,3,/assets/images/189275160.jpeg,23.5,T,_,voorrang,_,False,False,0,189275160_orig
185273145,0.6578048302230739,0.8786151990970952,3,2,/assets/images/185273145.jpeg,217.0,4+,_,VRI,_,True,False,0,185273145_orig
189267114,0.6574149558619488,0.8784885325351809,9,6,/assets/images/189267114.jpeg,82.9,4+,_,VRI,_,False,False,0,189267114_orig
189267158,0.6558243897896869,0.877971772378679,1,1,/assets/images/189267158.jpeg,185.1,4+,_,geen_voorrang,_,False,False,0,189267158_orig
191269022,0.6439731379002883,0.8741214106188567,10,8,/assets/images/191269022.jpeg,291.5,T,_,VRI,_,False,False,0,191269022_orig
186279088,0.5975151313210441,0.8590276354093102,6,5,/assets/images/186279088.jpeg,170.4,4+,_,VRI,_,False,False,0,186279088_orig
194264006,0.5478212711821128,0.8428825614067853,5,4,/assets/images/194264006.jpeg,243.1,T,_,geen_voorrang,_,False,False,0,194264006_orig
183263018,0.5438287413488145,0.8415854255144302,3,2,/assets/images/183263018.jpeg,280.9,4+,_,geen_voorrang,_,False,False,0,183263018_orig
185276028,0.5438287413488145,0.8415854255144302,3,2,/assets/images/185276028.jpeg,35.9,4+,_,geen_voorrang,_,False,False,0,185276028_orig
182264049,0.5104789763256421,0.8307503963426048,1,1,/assets/images/182264049.jpeg,304.3,4+,_,VRI,_,False,False,0,182264049_orig
187271099,0.5087783772702341,0.8301978874909796,5,4,/assets/images/187271099.jpeg,306.1,T,_,VRI,_,False,False,0,187271099_orig
188266127,0.5062542535462957,0.8293778231168178,5,4,/assets/images/188266127.jpeg,189.9,4+,_,voorrang,_,False,False,0,188266127_orig
182262017,0.4841981764382736,0.8222120083437482,1,1,/assets/images/182262017.jpeg,204.9,T,_,geen_voorrang,_,False,False,0,182262017_orig
180272041,0.4697257479930992,0.8175100506453457,1,1,/assets/images/180272041.jpeg,155.4,T,_,voorrang,_,False,False,0,180272041_orig
187263039,0.4543966979385717,0.8125297845354715,5,4,/assets/images/187263039.jpeg,353.8,T,_,geen_voorrang,_,False,False,0,187263039_orig
191275054,0.4543966979385717,0.8125297845354715,5,4,/assets/images/191275054.jpeg,20.5,T,_,geen_voorrang,_,False,False,0,191275054_orig
182272213,0.4295746552830981,0.8044653332240611,6,4,/assets/images/182272213.jpeg,47.6,4+,_,VRI,_,True,False,0,182272213_orig
181273107,0.4254604362112701,0.8031286616273778,5,2,/assets/images/181273107.jpeg,187.5,T,_,voorrang,_,False,False,0,181273107_orig
188269140,0.3970087663411593,0.7938849781166966,4,3,/assets/images/188269140.jpeg,258.5,4+,_,voorrang,_,False,False,0,188269140_orig
182268014,0.3670013893308367,0.7841358597930473,4,3,/assets/images/182268014.jpeg,187.0,4+,_,voorrang,_,False,False,0,182268014_orig
182270019,0.3489693478965777,0.7782774168675273,22,11,/assets/images/182270019.jpeg,252.8,4+,_,geen_voorrang,_,False,False,0,182270019_orig
186273081,0.3352960857818537,0.7738351008936634,1,1,/assets/images/186273081.jpeg,178.5,4+,_,VRI,_,True,False,0,186273081_orig
190273120,0.3242278780249719,0.7702391429058841,9,6,/assets/images/190273120.jpeg,261.8,4+,_,VRI,_,False,False,0,190273120_orig
179265069,0.29443995885214,0.7605613243970775,3,2,/assets/images/179265069.jpeg,27.5,4+,_,VRI,_,False,False,0,179265069_orig
189276040,0.2510600519271432,0.7464675952005803,3,1,/assets/images/189276040.jpeg,,,,,,,False,0,189276040_orig
185274093,0.2150038457670989,0.7347532684190278,3,1,/assets/images/185274093.jpeg,164.7,4+,_,geen_voorrang,_,True,False,0,185274093_orig
184267042,0.2150038457670987,0.7347532684190278,3,1,/assets/images/184267042.jpeg,257.1,4+,_,geen_voorrang,_,False,False,0,184267042_orig
184268129,0.1814348792909079,0.7238470227292957,3,2,/assets/images/184268129.jpeg,66.1,4+,_,voorrang,_,False,False,0,184268129_orig
600097669,0.1761817279740336,0.7221403226154328,14,8,/assets/images/600097669.jpeg,356.1,4+,_,VRI,_,False,False,0,600097669_orig
190264011,0.1309710554082239,0.7074517946516519,3,2,/assets/images/190264011.jpeg,174.3,T,_,geen_voorrang,_,False,False,0,190264011_orig
185277012,0.1309710554082239,0.7074517946516519,3,2,/assets/images/185277012.jpeg,118.7,T,_,geen_voorrang,_,False,False,0,185277012_orig
187265053,0.0928711167189988,0.6950734781371074,8,5,/assets/images/187265053.jpeg,218.0,4+,_,voorrang,_,False,False,0,187265053_orig
183268031,0.0832736077000032,0.6919553365212545,3,1,/assets/images/183268031.jpeg,22.7,4+,_,geen_voorrang,_,False,False,0,183268031_orig
183278091,0.059070297037065,0.6840919054924159,5,3,/assets/images/183278091.jpeg,351.9,T,_,geen_voorrang,_,False,False,0,183278091_orig
188274050,0.0021981065761518,0.6656146585828369,5,3,/assets/images/188274050.jpeg,19.4,4+,_,voorrang,_,False,False,0,188274050_orig
186274160,-0.0001205336926445,0.6648613538763742,12,6,/assets/images/186274160.jpeg,339.5,4+,_,VRI,_,True,False,0,186274160_orig
600111024,-0.0003633073080868,0.6647824789816446,5,3,/assets/images/600111024.jpeg,,,,,,,False,0,600111024_orig
191272052,-0.0694237861848274,0.642345370272489,5,3,/assets/images/191272052.jpeg,152.9,T,_,geen_voorrang,_,False,False,0,191272052_orig
188274004,-0.1359604812254951,0.6207282155110818,1,0,/assets/images/188274004.jpeg,293.0,T,_,voorrang,_,False,False,0,188274004_orig
190266032,-0.1359604812254956,0.6207282155110817,1,0,/assets/images/190266032.jpeg,,,,,,,False,0,190266032_orig
182274018,-0.1558219530011327,0.6142754076446728,1,0,/assets/images/182274018.jpeg,168.2,4+,_,geen_voorrang,_,False,False,0,182274018_orig
181265038,-0.1568317370480001,0.6139473381785926,26,11,/assets/images/181265038.jpeg,278.3,4+,_,VRI,_,False,False,0,181265038_orig
180271045,-0.1603622048914283,0.6128003219388333,5,1,/assets/images/180271045.jpeg,47.0,4+,_,geen_voorrang,_,False,False,0,180271045_orig
183272020,-0.2213541608047279,0.5929846014649977,45,22,/assets/images/183272020.jpeg,61.2,4+,_,VRI,_,True,False,0,183272020_orig
187273034,-0.226235727226514,0.5913986258352592,1,0,/assets/images/187273034.jpeg,46.9,T,_,geen_voorrang,_,False,False,0,187273034_orig
182274179,-0.2584049201095484,0.5809471535961125,11,4,/assets/images/182274179.jpeg,55.7,4+,_,VRI,_,True,False,0,182274179_orig
185272110,-0.2672255922623659,0.5780813990690722,1,0,/assets/images/185272110.jpeg,253.7,4+,_,VRI,_,True,False,0,185272110_orig
185274084,-0.268653773033808,0.577617396389879,4,1,/assets/images/185274084.jpeg,246.5,4+,_,VRI,_,True,False,0,185274084_orig
184278064,-0.3150907881105383,0.5625304411246991,1,0,/assets/images/184278064.jpeg,263.1,4+,_,geen_voorrang,_,False,False,0,184278064_orig
187277089,-0.3150907881105388,0.5625304411246989,1,0,/assets/images/187277089.jpeg,248.8,4+,_,geen_voorrang,_,False,False,0,187277089_orig
183263020,-0.4375525483079894,0.5227437516757477,27,10,/assets/images/183263020.jpeg,281.2,T,_,geen_voorrang,_,False,False,0,183263020_orig
183277002,-0.4623826459380055,0.5146766833778582,45,17,/assets/images/183277002.jpeg,327.9,4+,_,voorrang,_,False,False,0,183277002_orig
177273181,-0.4723375308389979,0.5114424336543754,6,1,/assets/images/177273181.jpeg,83.1,4+,_,VRI,_,False,False,0,177273181_orig
187274156,-0.5141640049460743,0.4978534003646391,4,1,/assets/images/187274156.jpeg,154.1,4+,_,VRI,_,True,False,0,187274156_orig
179265077,-0.5161849180734235,0.4971968244435392,5,2,/assets/images/179265077.jpeg,280.7,4+,_,voorrang,_,False,False,0,179265077_orig
176275195,-0.5238899390238005,0.4946935346389828,33,11,/assets/images/176275195.jpeg,60.9,T,_,VRI,_,False,False,0,176275195_orig
181277036,-0.5294441864341382,0.4928890111985109,21,6,/assets/images/181277036.jpeg,100.0,4+,_,voorrang,_,False,False,0,181277036_orig
184273072,-0.5335435660999988,0.4915571607871175,18,6,/assets/images/184273072.jpeg,,,,,,,False,0,184273072_orig
181271108,-0.5497731787053612,0.4862843102616537,5,1,/assets/images/181271108.jpeg,147.4,4+,_,geen_voorrang,_,False,False,0,181271108_orig
179273020,-0.5892287332462776,0.4734655667369443,1,0,/assets/images/179273020.jpeg,244.2,T,_,geen_voorrang,_,False,False,0,179273020_orig
186263044,-0.5989587700008008,0.4703043680896693,1,0,/assets/images/186263044.jpeg,186.3,4+,_,voorrang,_,False,False,0,186263044_orig
184275160,-0.6194554865800614,0.4636451750816041,1,0,/assets/images/184275160.jpeg,222.8,4+,_,VRI,_,False,False,0,184275160_orig
600485593,-0.6271977215946944,0.4611297947729156,1,0,/assets/images/600485593.jpeg,,,,,,,False,0,600485593_orig
178273039,-0.6428428597368421,0.4560468345766557,41,14,/assets/images/178273039.jpeg,337.5,T,_,geen_voorrang,_,False,False,0,178273039_orig
186273103,-0.6671449112129739,0.4481513235739205,6,1,/assets/images/186273103.jpeg,19.4,4+,_,VRI,_,True,False,0,186273103_orig
192274041,-0.671584677592562,0.4467088846780092,1,0,/assets/images/192274041.jpeg,6.6,T,_,geen_voorrang,_,False,False,0,192274041_orig
600409842,-1.049203894740652,0.3240239053146316,5,0,/assets/images/600409842.jpeg,333.0,4+,_,geen_voorrang,_,True,False,0,600409842_orig
181272016,-1.049203894740653,0.3240239053146313,5,0,/assets/images/181272016.jpeg,158.9,4+,_,geen_voorrang,_,False,False,0,181272016_orig
186275130,-1.2555605951232347,0.2569805283405106,5,0,/assets/images/186275130.jpeg,4.9,4+,_,voorrang,_,False,False,0,186275130_orig
179274126,-1.4402422933285837,0.1969791584308029,3,0,/assets/images/179274126.jpeg,126.4,4+,_,VRI,_,False,False,0,179274126_orig
181263098,-1.5867537449057318,0.1493789474325586,4,0,/assets/images/181263098.jpeg,77.8,4+,_,VRI,_,False,False,0,181263098_orig
183268167,-1.6282922790364762,0.1358834631690636,3,0,/assets/images/183268167.jpeg,261.8,4+,_,voorrang,_,False,False,0,183268167_orig
184273056,-1.6854718175271606,0.1173063617367867,3,0,/assets/images/184273056.jpeg,49.5,T,_,voorrang,_,True,False,0,184273056_orig
180271187,-2.046535875371874,0.0,6,0,/assets/images/180271187.jpeg,164.4,4+,_,VRI,_,False,False,0,180271187_orig
188278029,1.0314221526409022,0.9792003178751901,5,5,/assets/images/188278029.jpeg,358.3,4+,_,VRI,_,False,True,8926,188278029_aug1
188278029,1.0314221526409022,1.0,5,5,/assets/images/188278029.jpeg,358.3,4+,_,VRI,_,False,True,77395,188278029_aug2
188278029,1.0314221526409022,0.9609792962269232,5,5,/assets/images/188278029.jpeg,358.3,4+,_,VRI,_,False,True,8595,188278029_aug3
188278029,1.0314221526409022,0.9739564098627537,5,5,/assets/images/188278029.jpeg,358.3,4+,_,VRI,_,False,True,69737,188278029_aug4
600488624,1.0181210296831291,0.9893537367379244,15,12,/assets/images/600488624.jpeg,244.9,T,_,voorrang,_,False,True,73575,600488624_aug1
600488624,1.0181210296831291,0.9953425654347102,15,12,/assets/images/600488624.jpeg,244.9,T,_,voorrang,_,False,True,76114,600488624_aug2
600488624,1.0181210296831291,1.0,15,12,/assets/images/600488624.jpeg,244.9,T,_,voorrang,_,False,True,83974,600488624_aug3
600488624,1.0181210296831291,1.0,15,12,/assets/images/600488624.jpeg,244.9,T,_,voorrang,_,False,True,45039,600488624_aug4
192266023,0.958283079477031,0.9987826179954739,5,5,/assets/images/192266023.jpeg,160.1,4+,_,voorrang,_,False,True,78156,192266023_aug1
192266023,0.958283079477031,0.9855879807011542,5,5,/assets/images/192266023.jpeg,160.1,4+,_,voorrang,_,False,True,64386,192266023_aug2
192266023,0.958283079477031,0.9836128095377632,5,5,/assets/images/192266023.jpeg,160.1,4+,_,voorrang,_,False,True,45046,192266023_aug3
192266023,0.958283079477031,0.9570601418395333,5,5,/assets/images/192266023.jpeg,160.1,4+,_,voorrang,_,False,True,22724,192266023_aug4
187270060,0.9562033522114672,0.9745635915475745,4,4,/assets/images/187270060.jpeg,243.1,4+,_,VRI,_,False,True,85829,187270060_aug1
187270060,0.9562033522114672,0.9718648624963944,4,4,/assets/images/187270060.jpeg,243.1,4+,_,VRI,_,False,True,82763,187270060_aug2
187270060,0.9562033522114672,1.0,4,4,/assets/images/187270060.jpeg,243.1,4+,_,VRI,_,False,True,70052,187270060_aug3
187270060,0.9562033522114672,0.9724715201259235,4,4,/assets/images/187270060.jpeg,243.1,4+,_,VRI,_,False,True,35453,187270060_aug4
186275043,0.9552917035210552,0.9682232525580757,5,5,/assets/images/186275043.jpeg,105.7,4+,_,VRI,_,True,True,67792,186275043_aug1
186275043,0.9552917035210552,0.9859121072789073,5,5,/assets/images/186275043.jpeg,105.7,4+,_,VRI,_,True,True,77838,186275043_aug2
186275043,0.9552917035210552,0.9835205757997602,5,5,/assets/images/186275043.jpeg,105.7,4+,_,VRI,_,True,True,49779,186275043_aug3
186275043,0.9552917035210552,0.983882343627998,5,5,/assets/images/186275043.jpeg,105.7,4+,_,VRI,_,True,True,4381,186275043_aug4
600483010,0.9335032466770654,0.9600587558073597,54,43,/assets/images/600483010.jpeg,55.0,4+,_,geen_voorrang,_,False,True,92252,600483010_aug1
600483010,0.9335032466770654,0.9579422015536212,54,43,/assets/images/600483010.jpeg,55.0,4+,_,geen_voorrang,_,False,True,74476,600483010_aug2
600483010,0.9335032466770654,0.9805066445865619,54,43,/assets/images/600483010.jpeg,55.0,4+,_,geen_voorrang,_,False,True,90553,600483010_aug3
600483010,0.9335032466770654,0.9907665019894698,54,43,/assets/images/600483010.jpeg,55.0,4+,_,geen_voorrang,_,False,True,37046,600483010_aug4
186275023,0.8855503182228004,0.935804465141863,5,4,/assets/images/186275023.jpeg,278.3,4+,_,geen_voorrang,_,False,True,46294,186275023_aug1
186275023,0.8855503182228004,0.9361179703672887,5,4,/assets/images/186275023.jpeg,278.3,4+,_,geen_voorrang,_,False,True,12993,186275023_aug2
186275023,0.8855503182228004,0.9674726781051824,5,4,/assets/images/186275023.jpeg,278.3,4+,_,geen_voorrang,_,False,True,56450,186275023_aug3
186275023,0.8855503182228004,0.9634706800472175,5,4,/assets/images/186275023.jpeg,278.3,4+,_,geen_voorrang,_,False,True,66981,186275023_aug4
188274022,0.8576633072973261,0.9481905900828714,3,3,/assets/images/188274022.jpeg,110.3,4+,_,VRI,_,False,True,76784,188274022_aug1
188274022,0.8576633072973261,0.9458810798043515,3,3,/assets/images/188274022.jpeg,110.3,4+,_,VRI,_,False,True,83226,188274022_aug2
188274022,0.8576633072973261,0.9609759391805008,3,3,/assets/images/188274022.jpeg,110.3,4+,_,VRI,_,False,True,89808,188274022_aug3
188274022,0.8576633072973261,0.9480192745970306,3,3,/assets/images/188274022.jpeg,110.3,4+,_,VRI,_,False,True,28833,188274022_aug4
184263029,0.7848459112213191,0.9212412487681273,3,3,/assets/images/184263029.jpeg,103.7,T,_,geen_voorrang,_,False,True,83273,184263029_aug1
184263029,0.7848459112213191,0.9256720553521491,3,3,/assets/images/184263029.jpeg,103.7,T,_,geen_voorrang,_,False,True,19991,184263029_aug2
184263029,0.7848459112213191,0.8907465509812361,3,3,/assets/images/184263029.jpeg,103.7,T,_,geen_voorrang,_,False,True,78036,184263029_aug3
184263029,0.7848459112213191,0.9134962430512034,3,3,/assets/images/184263029.jpeg,103.7,T,_,geen_voorrang,_,False,True,66485,184263029_aug4
183264037,0.7848459112213191,0.9071121104134826,3,3,/assets/images/183264037.jpeg,100.9,T,_,geen_voorrang,_,False,True,55565,183264037_aug1
183264037,0.7848459112213191,0.9143868223538157,3,3,/assets/images/183264037.jpeg,100.9,T,_,geen_voorrang,_,False,True,45892,183264037_aug2
183264037,0.7848459112213191,0.9025730450644845,3,3,/assets/images/183264037.jpeg,100.9,T,_,geen_voorrang,_,False,True,24548,183264037_aug3
183264037,0.7848459112213191,0.939255234470179,3,3,/assets/images/183264037.jpeg,100.9,T,_,geen_voorrang,_,False,True,11453,183264037_aug4
190267091,0.7614498250348705,0.9055907954912029,3,3,/assets/images/190267091.jpeg,85.2,4+,_,voorrang,_,False,True,85508,190267091_aug1
190267091,0.7614498250348705,0.9155435573930185,3,3,/assets/images/190267091.jpeg,85.2,4+,_,voorrang,_,False,True,56524,190267091_aug2
190267091,0.7614498250348705,0.9265130276867756,3,3,/assets/images/190267091.jpeg,85.2,4+,_,voorrang,_,False,True,56537,190267091_aug3
190267091,0.7614498250348705,0.928155440794917,3,3,/assets/images/190267091.jpeg,85.2,4+,_,voorrang,_,False,True,55358,190267091_aug4
189275160,0.7604122364099049,0.9027043573221478,3,3,/assets/images/189275160.jpeg,23.5,T,_,voorrang,_,False,True,60284,189275160_aug1
189275160,0.7604122364099049,0.9291109108005823,3,3,/assets/images/189275160.jpeg,23.5,T,_,voorrang,_,False,True,3082,189275160_aug2
189275160,0.7604122364099049,0.8864376667086807,3,3,/assets/images/189275160.jpeg,23.5,T,_,voorrang,_,False,True,27655,189275160_aug3
189275160,0.7604122364099049,0.8892856488953695,3,3,/assets/images/189275160.jpeg,23.5,T,_,voorrang,_,False,True,40853,189275160_aug4
185273145,0.6578048302230739,0.8885584139781705,3,2,/assets/images/185273145.jpeg,217.0,4+,_,VRI,_,True,True,82167,185273145_aug1
185273145,0.6578048302230739,0.8814637138185065,3,2,/assets/images/185273145.jpeg,217.0,4+,_,VRI,_,True,True,5831,185273145_aug2
185273145,0.6578048302230739,0.8700701461703645,3,2,/assets/images/185273145.jpeg,217.0,4+,_,VRI,_,True,True,43432,185273145_aug3
185273145,0.6578048302230739,0.8817859929186295,3,2,/assets/images/185273145.jpeg,217.0,4+,_,VRI,_,True,True,66191,185273145_aug4
189267114,0.6574149558619488,0.8723016017407761,9,6,/assets/images/189267114.jpeg,82.9,4+,_,VRI,_,False,True,99610,189267114_aug1
189267114,0.6574149558619488,0.8876240372863291,9,6,/assets/images/189267114.jpeg,82.9,4+,_,VRI,_,False,True,66431,189267114_aug2
189267114,0.6574149558619488,0.8712274556038795,9,6,/assets/images/189267114.jpeg,82.9,4+,_,VRI,_,False,True,32122,189267114_aug3
189267114,0.6574149558619488,0.8708537746552143,9,6,/assets/images/189267114.jpeg,82.9,4+,_,VRI,_,False,True,16698,189267114_aug4
189267158,0.6558243897896869,0.8877112219943906,1,1,/assets/images/189267158.jpeg,185.1,4+,_,geen_voorrang,_,False,True,77155,189267158_aug1
189267158,0.6558243897896869,0.8685837255746245,1,1,/assets/images/189267158.jpeg,185.1,4+,_,geen_voorrang,_,False,True,72236,189267158_aug2
189267158,0.6558243897896869,0.8875867055567972,1,1,/assets/images/189267158.jpeg,185.1,4+,_,geen_voorrang,_,False,True,90062,189267158_aug3
189267158,0.6558243897896869,0.8869023958992779,1,1,/assets/images/189267158.jpeg,185.1,4+,_,geen_voorrang,_,False,True,50104,189267158_aug4
191269022,0.6439731379002883,0.8721517009286682,10,8,/assets/images/191269022.jpeg,291.5,T,_,VRI,_,False,True,49563,191269022_aug1
191269022,0.6439731379002883,0.8656554443779737,10,8,/assets/images/191269022.jpeg,291.5,T,_,VRI,_,False,True,44616,191269022_aug2
191269022,0.6439731379002883,0.8403747219396961,10,8,/assets/images/191269022.jpeg,291.5,T,_,VRI,_,False,True,68370,191269022_aug3
191269022,0.6439731379002883,0.8451791611703949,10,8,/assets/images/191269022.jpeg,291.5,T,_,VRI,_,False,True,63028,191269022_aug4
186279088,0.5975151313210441,0.8390826988572805,6,5,/assets/images/186279088.jpeg,170.4,4+,_,VRI,_,False,True,34259,186279088_aug1
186279088,0.5975151313210441,0.8670231199437789,6,5,/assets/images/186279088.jpeg,170.4,4+,_,VRI,_,False,True,11801,186279088_aug2
186279088,0.5975151313210441,0.8514643843285223,6,5,/assets/images/186279088.jpeg,170.4,4+,_,VRI,_,False,True,49507,186279088_aug3
186279088,0.5975151313210441,0.8850122013650314,6,5,/assets/images/186279088.jpeg,170.4,4+,_,VRI,_,False,True,69971,186279088_aug4
194264006,0.5478212711821128,0.857632872776127,5,4,/assets/images/194264006.jpeg,243.1,T,_,geen_voorrang,_,False,True,26353,194264006_aug1
194264006,0.5478212711821128,0.8242102078065877,5,4,/assets/images/194264006.jpeg,243.1,T,_,geen_voorrang,_,False,True,77875,194264006_aug2
194264006,0.5478212711821128,0.8238821203085737,5,4,/assets/images/194264006.jpeg,243.1,T,_,geen_voorrang,_,False,True,73692,194264006_aug3
194264006,0.5478212711821128,0.836101899888774,5,4,/assets/images/194264006.jpeg,243.1,T,_,geen_voorrang,_,False,True,27224,194264006_aug4
183263018,0.5438287413488145,0.8070390170505832,3,2,/assets/images/183263018.jpeg,280.9,4+,_,geen_voorrang,_,False,True,12758,183263018_aug1
183263018,0.5438287413488145,0.8502738983853473,3,2,/assets/images/183263018.jpeg,280.9,4+,_,geen_voorrang,_,False,True,45578,183263018_aug2
183263018,0.5438287413488145,0.8297024264004943,3,2,/assets/images/183263018.jpeg,280.9,4+,_,geen_voorrang,_,False,True,80866,183263018_aug3
183263018,0.5438287413488145,0.8126642684266611,3,2,/assets/images/183263018.jpeg,280.9,4+,_,geen_voorrang,_,False,True,57922,183263018_aug4
185276028,0.5438287413488145,0.8309955713331542,3,2,/assets/images/185276028.jpeg,35.9,4+,_,geen_voorrang,_,False,True,1953,185276028_aug1
185276028,0.5438287413488145,0.8462389497415242,3,2,/assets/images/185276028.jpeg,35.9,4+,_,geen_voorrang,_,False,True,75852,185276028_aug2
185276028,0.5438287413488145,0.8736210033408485,3,2,/assets/images/185276028.jpeg,35.9,4+,_,geen_voorrang,_,False,True,30867,185276028_aug3
185276028,0.5438287413488145,0.8367983129649696,3,2,/assets/images/185276028.jpeg,35.9,4+,_,geen_voorrang,_,False,True,62731,185276028_aug4
182264049,0.5104789763256421,0.8343359090417312,1,1,/assets/images/182264049.jpeg,304.3,4+,_,VRI,_,False,True,62874,182264049_aug1
182264049,0.5104789763256421,0.8351503300220401,1,1,/assets/images/182264049.jpeg,304.3,4+,_,VRI,_,False,True,8445,182264049_aug2
182264049,0.5104789763256421,0.8474526212608964,1,1,/assets/images/182264049.jpeg,304.3,4+,_,VRI,_,False,True,17946,182264049_aug3
182264049,0.5104789763256421,0.837887817525595,1,1,/assets/images/182264049.jpeg,304.3,4+,_,VRI,_,False,True,49399,182264049_aug4
187271099,0.5087783772702341,0.8064226264045226,5,4,/assets/images/187271099.jpeg,306.1,T,_,VRI,_,False,True,67770,187271099_aug1
187271099,0.5087783772702341,0.8174028568359846,5,4,/assets/images/187271099.jpeg,306.1,T,_,VRI,_,False,True,10341,187271099_aug2
187271099,0.5087783772702341,0.8224016914278642,5,4,/assets/images/187271099.jpeg,306.1,T,_,VRI,_,False,True,29999,187271099_aug3
187271099,0.5087783772702341,0.8026641645398533,5,4,/assets/images/187271099.jpeg,306.1,T,_,VRI,_,False,True,92512,187271099_aug4
188266127,0.5062542535462957,0.8249333691748424,5,4,/assets/images/188266127.jpeg,189.9,4+,_,voorrang,_,False,True,61245,188266127_aug1
188266127,0.5062542535462957,0.7999616972267647,5,4,/assets/images/188266127.jpeg,189.9,4+,_,voorrang,_,False,True,59091,188266127_aug2
188266127,0.5062542535462957,0.8356481000658218,5,4,/assets/images/188266127.jpeg,189.9,4+,_,voorrang,_,False,True,41816,188266127_aug3
188266127,0.5062542535462957,0.8461403544747055,5,4,/assets/images/188266127.jpeg,189.9,4+,_,voorrang,_,False,True,48230,188266127_aug4
182262017,0.4841981764382736,0.8804892576638947,1,1,/assets/images/182262017.jpeg,204.9,T,_,geen_voorrang,_,False,True,27585,182262017_aug1
182262017,0.4841981764382736,0.8305001970092681,1,1,/assets/images/182262017.jpeg,204.9,T,_,geen_voorrang,_,False,True,48666,182262017_aug2
182262017,0.4841981764382736,0.779571082729122,1,1,/assets/images/182262017.jpeg,204.9,T,_,geen_voorrang,_,False,True,16102,182262017_aug3
182262017,0.4841981764382736,0.8275662375906249,1,1,/assets/images/182262017.jpeg,204.9,T,_,geen_voorrang,_,False,True,57173,182262017_aug4
180272041,0.4697257479930992,0.809202905441752,1,1,/assets/images/180272041.jpeg,155.4,T,_,voorrang,_,False,True,95377,180272041_aug1
180272041,0.4697257479930992,0.8052681146641495,1,1,/assets/images/180272041.jpeg,155.4,T,_,voorrang,_,False,True,33157,180272041_aug2
180272041,0.4697257479930992,0.8388296552610985,1,1,/assets/images/180272041.jpeg,155.4,T,_,voorrang,_,False,True,28456,180272041_aug3
180272041,0.4697257479930992,0.8206510219942525,1,1,/assets/images/180272041.jpeg,155.4,T,_,voorrang,_,False,True,2162,180272041_aug4
187263039,0.4543966979385717,0.7918167094789553,5,4,/assets/images/187263039.jpeg,353.8,T,_,geen_voorrang,_,False,True,54283,187263039_aug1
187263039,0.4543966979385717,0.7790361256413844,5,4,/assets/images/187263039.jpeg,353.8,T,_,geen_voorrang,_,False,True,14025,187263039_aug2
187263039,0.4543966979385717,0.8114541335191051,5,4,/assets/images/187263039.jpeg,353.8,T,_,geen_voorrang,_,False,True,66599,187263039_aug3
187263039,0.4543966979385717,0.8478883828070692,5,4,/assets/images/187263039.jpeg,353.8,T,_,geen_voorrang,_,False,True,67224,187263039_aug4
191275054,0.4543966979385717,0.8321845747559327,5,4,/assets/images/191275054.jpeg,20.5,T,_,geen_voorrang,_,False,True,93876,191275054_aug1
191275054,0.4543966979385717,0.8025438725646885,5,4,/assets/images/191275054.jpeg,20.5,T,_,geen_voorrang,_,False,True,76864,191275054_aug2
191275054,0.4543966979385717,0.7932274492908241,5,4,/assets/images/191275054.jpeg,20.5,T,_,geen_voorrang,_,False,True,97515,191275054_aug3
191275054,0.4543966979385717,0.7980252632447564,5,4,/assets/images/191275054.jpeg,20.5,T,_,geen_voorrang,_,False,True,23022,191275054_aug4
182272213,0.4295746552830981,0.7880375996395734,6,4,/assets/images/182272213.jpeg,47.6,4+,_,VRI,_,True,True,54680,182272213_aug1
182272213,0.4295746552830981,0.821235117298788,6,4,/assets/images/182272213.jpeg,47.6,4+,_,VRI,_,True,True,37092,182272213_aug2
182272213,0.4295746552830981,0.823096793481546,6,4,/assets/images/182272213.jpeg,47.6,4+,_,VRI,_,True,True,96321,182272213_aug3
182272213,0.4295746552830981,0.8121643525461784,6,4,/assets/images/182272213.jpeg,47.6,4+,_,VRI,_,True,True,31714,182272213_aug4
181273107,0.4254604362112701,0.8023134111046691,5,2,/assets/images/181273107.jpeg,187.5,T,_,voorrang,_,False,True,62186,181273107_aug1
181273107,0.4254604362112701,0.79003290771879,5,2,/assets/images/181273107.jpeg,187.5,T,_,voorrang,_,False,True,51506,181273107_aug2
181273107,0.4254604362112701,0.7940289920205622,5,2,/assets/images/181273107.jpeg,187.5,T,_,voorrang,_,False,True,18071,181273107_aug3
181273107,0.4254604362112701,0.7786165463520329,5,2,/assets/images/181273107.jpeg,187.5,T,_,voorrang,_,False,True,16461,181273107_aug4
188269140,0.3970087663411593,0.7973367364711389,4,3,/assets/images/188269140.jpeg,258.5,4+,_,voorrang,_,False,True,96937,188269140_aug1
188269140,0.3970087663411593,0.8254668032449053,4,3,/assets/images/188269140.jpeg,258.5,4+,_,voorrang,_,False,True,99237,188269140_aug2
188269140,0.3970087663411593,0.7915122115944989,4,3,/assets/images/188269140.jpeg,258.5,4+,_,voorrang,_,False,True,84564,188269140_aug3
188269140,0.3970087663411593,0.7996015009087474,4,3,/assets/images/188269140.jpeg,258.5,4+,_,voorrang,_,False,True,89079,188269140_aug4
182268014,0.3670013893308367,0.7885235098203245,4,3,/assets/images/182268014.jpeg,187.0,4+,_,voorrang,_,False,True,46955,182268014_aug1
182268014,0.3670013893308367,0.7759173151763726,4,3,/assets/images/182268014.jpeg,187.0,4+,_,voorrang,_,False,True,31593,182268014_aug2
182268014,0.3670013893308367,0.7927109885622796,4,3,/assets/images/182268014.jpeg,187.0,4+,_,voorrang,_,False,True,41022,182268014_aug3
182268014,0.3670013893308367,0.8148509796329672,4,3,/assets/images/182268014.jpeg,187.0,4+,_,voorrang,_,False,True,37366,182268014_aug4
182270019,0.3489693478965777,0.7537880362331173,22,11,/assets/images/182270019.jpeg,252.8,4+,_,geen_voorrang,_,False,True,37999,182270019_aug1
182270019,0.3489693478965777,0.7509142328826139,22,11,/assets/images/182270019.jpeg,252.8,4+,_,geen_voorrang,_,False,True,26246,182270019_aug2
182270019,0.3489693478965777,0.8127507312831932,22,11,/assets/images/182270019.jpeg,252.8,4+,_,geen_voorrang,_,False,True,3192,182270019_aug3
182270019,0.3489693478965777,0.7746870326018752,22,11,/assets/images/182270019.jpeg,252.8,4+,_,geen_voorrang,_,False,True,12276,182270019_aug4
186273081,0.3352960857818537,0.8030639867385074,1,1,/assets/images/186273081.jpeg,178.5,4+,_,VRI,_,True,True,74674,186273081_aug1
186273081,0.3352960857818537,0.7516941872527936,1,1,/assets/images/186273081.jpeg,178.5,4+,_,VRI,_,True,True,17927,186273081_aug2
186273081,0.3352960857818537,0.7867016367874442,1,1,/assets/images/186273081.jpeg,178.5,4+,_,VRI,_,True,True,28051,186273081_aug3
186273081,0.3352960857818537,0.7659429984364716,1,1,/assets/images/186273081.jpeg,178.5,4+,_,VRI,_,True,True,31033,186273081_aug4
190273120,0.3242278780249719,0.7669702849353939,9,6,/assets/images/190273120.jpeg,261.8,4+,_,VRI,_,False,True,49931,190273120_aug1
190273120,0.3242278780249719,0.7769906338818628,9,6,/assets/images/190273120.jpeg,261.8,4+,_,VRI,_,False,True,50074,190273120_aug2
190273120,0.3242278780249719,0.7720508410439191,9,6,/assets/images/190273120.jpeg,261.8,4+,_,VRI,_,False,True,17428,190273120_aug3
190273120,0.3242278780249719,0.7831179187714213,9,6,/assets/images/190273120.jpeg,261.8,4+,_,VRI,_,False,True,22966,190273120_aug4
179265069,0.29443995885214,0.7595869563584751,3,2,/assets/images/179265069.jpeg,27.5,4+,_,VRI,_,False,True,96931,179265069_aug1
179265069,0.29443995885214,0.74369671899122,3,2,/assets/images/179265069.jpeg,27.5,4+,_,VRI,_,False,True,12184,179265069_aug2
179265069,0.29443995885214,0.7429982770585024,3,2,/assets/images/179265069.jpeg,27.5,4+,_,VRI,_,False,True,76619,179265069_aug3
179265069,0.29443995885214,0.7538788555830612,3,2,/assets/images/179265069.jpeg,27.5,4+,_,VRI,_,False,True,58112,179265069_aug4
189276040,0.2510600519271432,0.7199397408457889,3,1,/assets/images/189276040.jpeg,,,,,,,True,2511,189276040_aug1
189276040,0.2510600519271432,0.7470802250524686,3,1,/assets/images/189276040.jpeg,,,,,,,True,71540,189276040_aug2
189276040,0.2510600519271432,0.7562378789495655,3,1,/assets/images/189276040.jpeg,,,,,,,True,43384,189276040_aug3
189276040,0.2510600519271432,0.7367842065339086,3,1,/assets/images/189276040.jpeg,,,,,,,True,12376,189276040_aug4
185274093,0.2150038457670989,0.7548084249251199,3,1,/assets/images/185274093.jpeg,164.7,4+,_,geen_voorrang,_,True,True,97312,185274093_aug1
185274093,0.2150038457670989,0.7455155771591063,3,1,/assets/images/185274093.jpeg,164.7,4+,_,geen_voorrang,_,True,True,30095,185274093_aug2
185274093,0.2150038457670989,0.7316631548340298,3,1,/assets/images/185274093.jpeg,164.7,4+,_,geen_voorrang,_,True,True,31374,185274093_aug3
185274093,0.2150038457670989,0.7208344161856137,3,1,/assets/images/185274093.jpeg,164.7,4+,_,geen_voorrang,_,True,True,95562,185274093_aug4
184267042,0.2150038457670987,0.7396032042444523,3,1,/assets/images/184267042.jpeg,257.1,4+,_,geen_voorrang,_,False,True,49916,184267042_aug1
184267042,0.2150038457670987,0.738284735588102,3,1,/assets/images/184267042.jpeg,257.1,4+,_,geen_voorrang,_,False,True,2486,184267042_aug2
184267042,0.2150038457670987,0.7365630640515852,3,1,/assets/images/184267042.jpeg,257.1,4+,_,geen_voorrang,_,False,True,84079,184267042_aug3
184267042,0.2150038457670987,0.7393178350218059,3,1,/assets/images/184267042.jpeg,257.1,4+,_,geen_voorrang,_,False,True,10590,184267042_aug4
184268129,0.1814348792909079,0.7613839149549291,3,2,/assets/images/184268129.jpeg,66.1,4+,_,voorrang,_,False,True,652,184268129_aug1
184268129,0.1814348792909079,0.7067821557181193,3,2,/assets/images/184268129.jpeg,66.1,4+,_,voorrang,_,False,True,96623,184268129_aug2
184268129,0.1814348792909079,0.6945781826925557,3,2,/assets/images/184268129.jpeg,66.1,4+,_,voorrang,_,False,True,73832,184268129_aug3
184268129,0.1814348792909079,0.7120328824500259,3,2,/assets/images/184268129.jpeg,66.1,4+,_,voorrang,_,False,True,80436,184268129_aug4
600097669,0.1761817279740336,0.7462573950331974,14,8,/assets/images/600097669.jpeg,356.1,4+,_,VRI,_,False,True,84698,600097669_aug1
600097669,0.1761817279740336,0.7075586458605606,14,8,/assets/images/600097669.jpeg,356.1,4+,_,VRI,_,False,True,1784,600097669_aug2
600097669,0.1761817279740336,0.6791945420206598,14,8,/assets/images/600097669.jpeg,356.1,4+,_,VRI,_,False,True,25052,600097669_aug3
600097669,0.1761817279740336,0.7188870042045347,14,8,/assets/images/600097669.jpeg,356.1,4+,_,VRI,_,False,True,79681,600097669_aug4
190264011,0.1309710554082239,0.6968630061043304,3,2,/assets/images/190264011.jpeg,174.3,T,_,geen_voorrang,_,False,True,76514,190264011_aug1
190264011,0.1309710554082239,0.6899145790883001,3,2,/assets/images/190264011.jpeg,174.3,T,_,geen_voorrang,_,False,True,60601,190264011_aug2
190264011,0.1309710554082239,0.6722972268245192,3,2,/assets/images/190264011.jpeg,174.3,T,_,geen_voorrang,_,False,True,11373,190264011_aug3
190264011,0.1309710554082239,0.678110889743832,3,2,/assets/images/190264011.jpeg,174.3,T,_,geen_voorrang,_,False,True,65193,190264011_aug4
185277012,0.1309710554082239,0.6817033430261712,3,2,/assets/images/185277012.jpeg,118.7,T,_,geen_voorrang,_,False,True,53102,185277012_aug1
185277012,0.1309710554082239,0.6855160830825591,3,2,/assets/images/185277012.jpeg,118.7,T,_,geen_voorrang,_,False,True,24784,185277012_aug2
185277012,0.1309710554082239,0.76555313803646,3,2,/assets/images/185277012.jpeg,118.7,T,_,geen_voorrang,_,False,True,84085,185277012_aug3
185277012,0.1309710554082239,0.684020462075145,3,2,/assets/images/185277012.jpeg,118.7,T,_,geen_voorrang,_,False,True,81657,185277012_aug4
187265053,0.0928711167189988,0.7019045891559176,8,5,/assets/images/187265053.jpeg,218.0,4+,_,voorrang,_,False,True,47542,187265053_aug1
187265053,0.0928711167189988,0.7296474310252192,8,5,/assets/images/187265053.jpeg,218.0,4+,_,voorrang,_,False,True,59443,187265053_aug2
187265053,0.0928711167189988,0.6901679212182652,8,5,/assets/images/187265053.jpeg,218.0,4+,_,voorrang,_,False,True,31873,187265053_aug3
187265053,0.0928711167189988,0.7106202296583423,8,5,/assets/images/187265053.jpeg,218.0,4+,_,voorrang,_,False,True,31034,187265053_aug4
183268031,0.0832736077000032,0.6844322150966525,3,1,/assets/images/183268031.jpeg,22.7,4+,_,geen_voorrang,_,False,True,59856,183268031_aug1
183268031,0.0832736077000032,0.6892788772309337,3,1,/assets/images/183268031.jpeg,22.7,4+,_,geen_voorrang,_,False,True,16554,183268031_aug2
183268031,0.0832736077000032,0.6871918616417612,3,1,/assets/images/183268031.jpeg,22.7,4+,_,geen_voorrang,_,False,True,45566,183268031_aug3
183268031,0.0832736077000032,0.6866275867210754,3,1,/assets/images/183268031.jpeg,22.7,4+,_,geen_voorrang,_,False,True,11549,183268031_aug4
183278091,0.059070297037065,0.6729853611160356,5,3,/assets/images/183278091.jpeg,351.9,T,_,geen_voorrang,_,False,True,19482,183278091_aug1
183278091,0.059070297037065,0.6935226759433187,5,3,/assets/images/183278091.jpeg,351.9,T,_,geen_voorrang,_,False,True,17464,183278091_aug2
183278091,0.059070297037065,0.6872004920457853,5,3,/assets/images/183278091.jpeg,351.9,T,_,geen_voorrang,_,False,True,51600,183278091_aug3
183278091,0.059070297037065,0.6911270336604,5,3,/assets/images/183278091.jpeg,351.9,T,_,geen_voorrang,_,False,True,68071,183278091_aug4
188274050,0.0021981065761518,0.6656163464446652,5,3,/assets/images/188274050.jpeg,19.4,4+,_,voorrang,_,False,True,98442,188274050_aug1
188274050,0.0021981065761518,0.6511834979119799,5,3,/assets/images/188274050.jpeg,19.4,4+,_,voorrang,_,False,True,50453,188274050_aug2
188274050,0.0021981065761518,0.6636689266145671,5,3,/assets/images/188274050.jpeg,19.4,4+,_,voorrang,_,False,True,53651,188274050_aug3
188274050,0.0021981065761518,0.7074780247614487,5,3,/assets/images/188274050.jpeg,19.4,4+,_,voorrang,_,False,True,4348,188274050_aug4
186274160,-0.0001205336926445,0.6725782849275043,12,6,/assets/images/186274160.jpeg,339.5,4+,_,VRI,_,True,True,64256,186274160_aug1
186274160,-0.0001205336926445,0.6496002096824789,12,6,/assets/images/186274160.jpeg,339.5,4+,_,VRI,_,True,True,57123,186274160_aug2
186274160,-0.0001205336926445,0.6700845082145374,12,6,/assets/images/186274160.jpeg,339.5,4+,_,VRI,_,True,True,708,186274160_aug3
186274160,-0.0001205336926445,0.6426131244367059,12,6,/assets/images/186274160.jpeg,339.5,4+,_,VRI,_,True,True,37362,186274160_aug4
600111024,-0.0003633073080868,0.6700374634845874,5,3,/assets/images/600111024.jpeg,,,,,,,True,9333,600111024_aug1
600111024,-0.0003633073080868,0.6743853470494767,5,3,/assets/images/600111024.jpeg,,,,,,,True,83346,600111024_aug2
600111024,-0.0003633073080868,0.6833312486128081,5,3,/assets/images/600111024.jpeg,,,,,,,True,68938,600111024_aug3
600111024,-0.0003633073080868,0.6738708857459318,5,3,/assets/images/600111024.jpeg,,,,,,,True,9912,600111024_aug4
191272052,-0.0694237861848274,0.63291487412349,5,3,/assets/images/191272052.jpeg,152.9,T,_,geen_voorrang,_,False,True,23988,191272052_aug1
191272052,-0.0694237861848274,0.6476197143596193,5,3,/assets/images/191272052.jpeg,152.9,T,_,geen_voorrang,_,False,True,97957,191272052_aug2
191272052,-0.0694237861848274,0.6365019465564179,5,3,/assets/images/191272052.jpeg,152.9,T,_,geen_voorrang,_,False,True,62782,191272052_aug3
191272052,-0.0694237861848274,0.6402756049111697,5,3,/assets/images/191272052.jpeg,152.9,T,_,geen_voorrang,_,False,True,64248,191272052_aug4
188274004,-0.1359604812254951,0.6237794657531311,1,0,/assets/images/188274004.jpeg,293.0,T,_,voorrang,_,False,True,82605,188274004_aug1
188274004,-0.1359604812254951,0.6501580549709449,1,0,/assets/images/188274004.jpeg,293.0,T,_,voorrang,_,False,True,53607,188274004_aug2
188274004,-0.1359604812254951,0.6159912102208881,1,0,/assets/images/188274004.jpeg,293.0,T,_,voorrang,_,False,True,83370,188274004_aug3
188274004,-0.1359604812254951,0.6242584639385308,1,0,/assets/images/188274004.jpeg,293.0,T,_,voorrang,_,False,True,46280,188274004_aug4
190266032,-0.1359604812254956,0.6132899238846559,1,0,/assets/images/190266032.jpeg,,,,,,,True,24980,190266032_aug1
190266032,-0.1359604812254956,0.5855937798615101,1,0,/assets/images/190266032.jpeg,,,,,,,True,26647,190266032_aug2
190266032,-0.1359604812254956,0.6552752197943654,1,0,/assets/images/190266032.jpeg,,,,,,,True,16512,190266032_aug3
190266032,-0.1359604812254956,0.590050987412759,1,0,/assets/images/190266032.jpeg,,,,,,,True,41689,190266032_aug4
182274018,-0.1558219530011327,0.6077049031822149,1,0,/assets/images/182274018.jpeg,168.2,4+,_,geen_voorrang,_,False,True,50505,182274018_aug1
182274018,-0.1558219530011327,0.6130489207280959,1,0,/assets/images/182274018.jpeg,168.2,4+,_,geen_voorrang,_,False,True,36639,182274018_aug2
182274018,-0.1558219530011327,0.6075862841975552,1,0,/assets/images/182274018.jpeg,168.2,4+,_,geen_voorrang,_,False,True,18292,182274018_aug3
182274018,-0.1558219530011327,0.640276299538652,1,0,/assets/images/182274018.jpeg,168.2,4+,_,geen_voorrang,_,False,True,68574,182274018_aug4
181265038,-0.1568317370480001,0.6485935702867914,26,11,/assets/images/181265038.jpeg,278.3,4+,_,VRI,_,False,True,67084,181265038_aug1
181265038,-0.1568317370480001,0.6374955759581464,26,11,/assets/images/181265038.jpeg,278.3,4+,_,VRI,_,False,True,91634,181265038_aug2
181265038,-0.1568317370480001,0.6488260287019484,26,11,/assets/images/181265038.jpeg,278.3,4+,_,VRI,_,False,True,46050,181265038_aug3
181265038,-0.1568317370480001,0.6227272013533586,26,11,/assets/images/181265038.jpeg,278.3,4+,_,VRI,_,False,True,53543,181265038_aug4
180271045,-0.1603622048914283,0.6068689028681391,5,1,/assets/images/180271045.jpeg,47.0,4+,_,geen_voorrang,_,False,True,20236,180271045_aug1
180271045,-0.1603622048914283,0.6141312382560173,5,1,/assets/images/180271045.jpeg,47.0,4+,_,geen_voorrang,_,False,True,80439,180271045_aug2
180271045,-0.1603622048914283,0.6325920006307303,5,1,/assets/images/180271045.jpeg,47.0,4+,_,geen_voorrang,_,False,True,7247,180271045_aug3
180271045,-0.1603622048914283,0.5892342494765359,5,1,/assets/images/180271045.jpeg,47.0,4+,_,geen_voorrang,_,False,True,28816,180271045_aug4
183272020,-0.2213541608047279,0.5891715803148945,45,22,/assets/images/183272020.jpeg,61.2,4+,_,VRI,_,True,True,59744,183272020_aug1
183272020,-0.2213541608047279,0.6164095433343441,45,22,/assets/images/183272020.jpeg,61.2,4+,_,VRI,_,True,True,69480,183272020_aug2
183272020,-0.2213541608047279,0.6293975246179336,45,22,/assets/images/183272020.jpeg,61.2,4+,_,VRI,_,True,True,63622,183272020_aug3
183272020,-0.2213541608047279,0.6076000952877706,45,22,/assets/images/183272020.jpeg,61.2,4+,_,VRI,_,True,True,9510,183272020_aug4
187273034,-0.226235727226514,0.5900595623772952,1,0,/assets/images/187273034.jpeg,46.9,T,_,geen_voorrang,_,False,True,52323,187273034_aug1
187273034,-0.226235727226514,0.5679584819833629,1,0,/assets/images/187273034.jpeg,46.9,T,_,geen_voorrang,_,False,True,93594,187273034_aug2
187273034,-0.226235727226514,0.6216231945007936,1,0,/assets/images/187273034.jpeg,46.9,T,_,geen_voorrang,_,False,True,16940,187273034_aug3
187273034,-0.226235727226514,0.604149302053213,1,0,/assets/images/187273034.jpeg,46.9,T,_,geen_voorrang,_,False,True,80088,187273034_aug4
182274179,-0.2584049201095484,0.5606728062673045,11,4,/assets/images/182274179.jpeg,55.7,4+,_,VRI,_,True,True,99665,182274179_aug1
182274179,-0.2584049201095484,0.5816027954536377,11,4,/assets/images/182274179.jpeg,55.7,4+,_,VRI,_,True,True,79511,182274179_aug2
182274179,-0.2584049201095484,0.5675243480481809,11,4,/assets/images/182274179.jpeg,55.7,4+,_,VRI,_,True,True,72185,182274179_aug3
182274179,-0.2584049201095484,0.5871873430271374,11,4,/assets/images/182274179.jpeg,55.7,4+,_,VRI,_,True,True,59007,182274179_aug4
185272110,-0.2672255922623659,0.590256628513561,1,0,/assets/images/185272110.jpeg,253.7,4+,_,VRI,_,True,True,12934,185272110_aug1
185272110,-0.2672255922623659,0.5322556088971102,1,0,/assets/images/185272110.jpeg,253.7,4+,_,VRI,_,True,True,56495,185272110_aug2
185272110,-0.2672255922623659,0.5795220705337237,1,0,/assets/images/185272110.jpeg,253.7,4+,_,VRI,_,True,True,67927,185272110_aug3
185272110,-0.2672255922623659,0.586359204776526,1,0,/assets/images/185272110.jpeg,253.7,4+,_,VRI,_,True,True,52263,185272110_aug4
185274084,-0.268653773033808,0.5363526308537842,4,1,/assets/images/185274084.jpeg,246.5,4+,_,VRI,_,True,True,51771,185274084_aug1
185274084,-0.268653773033808,0.5657953278860569,4,1,/assets/images/185274084.jpeg,246.5,4+,_,VRI,_,True,True,49215,185274084_aug2
185274084,-0.268653773033808,0.5459855084008001,4,1,/assets/images/185274084.jpeg,246.5,4+,_,VRI,_,True,True,84504,185274084_aug3
185274084,-0.268653773033808,0.6071363773509492,4,1,/assets/images/185274084.jpeg,246.5,4+,_,VRI,_,True,True,11974,185274084_aug4
184278064,-0.3150907881105383,0.5794621208415671,1,0,/assets/images/184278064.jpeg,263.1,4+,_,geen_voorrang,_,False,True,48819,184278064_aug1
184278064,-0.3150907881105383,0.5511115678942632,1,0,/assets/images/184278064.jpeg,263.1,4+,_,geen_voorrang,_,False,True,65786,184278064_aug2
184278064,-0.3150907881105383,0.5838998722444798,1,0,/assets/images/184278064.jpeg,263.1,4+,_,geen_voorrang,_,False,True,20827,184278064_aug3
184278064,-0.3150907881105383,0.5671880015274424,1,0,/assets/images/184278064.jpeg,263.1,4+,_,geen_voorrang,_,False,True,67123,184278064_aug4
187277089,-0.3150907881105388,0.5679373059103334,1,0,/assets/images/187277089.jpeg,248.8,4+,_,geen_voorrang,_,False,True,81711,187277089_aug1
187277089,-0.3150907881105388,0.5452635358299113,1,0,/assets/images/187277089.jpeg,248.8,4+,_,geen_voorrang,_,False,True,76253,187277089_aug2
187277089,-0.3150907881105388,0.5594799904756517,1,0,/assets/images/187277089.jpeg,248.8,4+,_,geen_voorrang,_,False,True,53220,187277089_aug3
187277089,-0.3150907881105388,0.5701983184117687,1,0,/assets/images/187277089.jpeg,248.8,4+,_,geen_voorrang,_,False,True,31444,187277089_aug4
183263020,-0.4375525483079894,0.5015730300361795,27,10,/assets/images/183263020.jpeg,281.2,T,_,geen_voorrang,_,False,True,8626,183263020_aug1
183263020,-0.4375525483079894,0.5202435710693561,27,10,/assets/images/183263020.jpeg,281.2,T,_,geen_voorrang,_,False,True,93612,183263020_aug2
183263020,-0.4375525483079894,0.5078719870994964,27,10,/assets/images/183263020.jpeg,281.2,T,_,geen_voorrang,_,False,True,12793,183263020_aug3
183263020,-0.4375525483079894,0.5062987513299413,27,10,/assets/images/183263020.jpeg,281.2,T,_,geen_voorrang,_,False,True,72968,183263020_aug4
183277002,-0.4623826459380055,0.5315643871875646,45,17,/assets/images/183277002.jpeg,327.9,4+,_,voorrang,_,False,True,36078,183277002_aug1
183277002,-0.4623826459380055,0.5149052044890714,45,17,/assets/images/183277002.jpeg,327.9,4+,_,voorrang,_,False,True,78030,183277002_aug2
183277002,-0.4623826459380055,0.5318125630291888,45,17,/assets/images/183277002.jpeg,327.9,4+,_,voorrang,_,False,True,65192,183277002_aug3
183277002,-0.4623826459380055,0.5315130847156595,45,17,/assets/images/183277002.jpeg,327.9,4+,_,voorrang,_,False,True,98663,183277002_aug4
177273181,-0.4723375308389979,0.557995495661297,6,1,/assets/images/177273181.jpeg,83.1,4+,_,VRI,_,False,True,42380,177273181_aug1
177273181,-0.4723375308389979,0.5073391998770544,6,1,/assets/images/177273181.jpeg,83.1,4+,_,VRI,_,False,True,11848,177273181_aug2
177273181,-0.4723375308389979,0.5435275208847182,6,1,/assets/images/177273181.jpeg,83.1,4+,_,VRI,_,False,True,12274,177273181_aug3
177273181,-0.4723375308389979,0.5022884450352388,6,1,/assets/images/177273181.jpeg,83.1,4+,_,VRI,_,False,True,12193,177273181_aug4
187274156,-0.5141640049460743,0.5240444140618497,4,1,/assets/images/187274156.jpeg,154.1,4+,_,VRI,_,True,True,54451,187274156_aug1
187274156,-0.5141640049460743,0.4658082095434606,4,1,/assets/images/187274156.jpeg,154.1,4+,_,VRI,_,True,True,1231,187274156_aug2
187274156,-0.5141640049460743,0.46582784162226204,4,1,/assets/images/187274156.jpeg,154.1,4+,_,VRI,_,True,True,43130,187274156_aug3
187274156,-0.5141640049460743,0.4819706745641306,4,1,/assets/images/187274156.jpeg,154.1,4+,_,VRI,_,True,True,29536,187274156_aug4
179265077,-0.5161849180734235,0.5076805812997947,5,2,/assets/images/179265077.jpeg,280.7,4+,_,voorrang,_,False,True,1210,179265077_aug1
179265077,-0.5161849180734235,0.5027223080301103,5,2,/assets/images/179265077.jpeg,280.7,4+,_,voorrang,_,False,True,30193,179265077_aug2
179265077,-0.5161849180734235,0.4509947557108863,5,2,/assets/images/179265077.jpeg,280.7,4+,_,voorrang,_,False,True,54490,179265077_aug3
179265077,-0.5161849180734235,0.49828389615134683,5,2,/assets/images/179265077.jpeg,280.7,4+,_,voorrang,_,False,True,11059,179265077_aug4
176275195,-0.5238899390238005,0.5038812500733151,33,11,/assets/images/176275195.jpeg,60.9,T,_,VRI,_,False,True,68449,176275195_aug1
176275195,-0.5238899390238005,0.5087326071634082,33,11,/assets/images/176275195.jpeg,60.9,T,_,VRI,_,False,True,28391,176275195_aug2
176275195,-0.5238899390238005,0.4814460354572177,33,11,/assets/images/176275195.jpeg,60.9,T,_,VRI,_,False,True,66575,176275195_aug3
176275195,-0.5238899390238005,0.4974583632801564,33,11,/assets/images/176275195.jpeg,60.9,T,_,VRI,_,False,True,99910,176275195_aug4
181277036,-0.5294441864341382,0.4974732386808123,21,6,/assets/images/181277036.jpeg,100.0,4+,_,voorrang,_,False,True,62331,181277036_aug1
181277036,-0.5294441864341382,0.5034903053105403,21,6,/assets/images/181277036.jpeg,100.0,4+,_,voorrang,_,False,True,9044,181277036_aug2
181277036,-0.5294441864341382,0.4892967829218817,21,6,/assets/images/181277036.jpeg,100.0,4+,_,voorrang,_,False,True,24592,181277036_aug3
181277036,-0.5294441864341382,0.49682453313165004,21,6,/assets/images/181277036.jpeg,100.0,4+,_,voorrang,_,False,True,24083,181277036_aug4
184273072,-0.5335435660999988,0.48368233734262606,18,6,/assets/images/184273072.jpeg,,,,,,,True,80835,184273072_aug1
184273072,-0.5335435660999988,0.5019805059017597,18,6,/assets/images/184273072.jpeg,,,,,,,True,19821,184273072_aug2
184273072,-0.5335435660999988,0.48920631744055487,18,6,/assets/images/184273072.jpeg,,,,,,,True,90943,184273072_aug3
184273072,-0.5335435660999988,0.5081475416275989,18,6,/assets/images/184273072.jpeg,,,,,,,True,3617,184273072_aug4
181271108,-0.5497731787053612,0.4603548637001585,5,1,/assets/images/181271108.jpeg,147.4,4+,_,geen_voorrang,_,False,True,81998,181271108_aug1
181271108,-0.5497731787053612,0.4566406023127973,5,1,/assets/images/181271108.jpeg,147.4,4+,_,geen_voorrang,_,False,True,60592,181271108_aug2
181271108,-0.5497731787053612,0.47271902145855016,5,1,/assets/images/181271108.jpeg,147.4,4+,_,geen_voorrang,_,False,True,28780,181271108_aug3
181271108,-0.5497731787053612,0.5012729882562085,5,1,/assets/images/181271108.jpeg,147.4,4+,_,geen_voorrang,_,False,True,84941,181271108_aug4
179273020,-0.5892287332462776,0.4774213683757813,1,0,/assets/images/179273020.jpeg,244.2,T,_,geen_voorrang,_,False,True,96819,179273020_aug1
179273020,-0.5892287332462776,0.49524991667116014,1,0,/assets/images/179273020.jpeg,244.2,T,_,geen_voorrang,_,False,True,92779,179273020_aug2
179273020,-0.5892287332462776,0.4720828080424215,1,0,/assets/images/179273020.jpeg,244.2,T,_,geen_voorrang,_,False,True,81980,179273020_aug3
179273020,-0.5892287332462776,0.5005372845283322,1,0,/assets/images/179273020.jpeg,244.2,T,_,geen_voorrang,_,False,True,83798,179273020_aug4
186263044,-0.5989587700008008,0.45355640361312005,1,0,/assets/images/186263044.jpeg,186.3,4+,_,voorrang,_,False,True,54827,186263044_aug1
186263044,-0.5989587700008008,0.4584163610456946,1,0,/assets/images/186263044.jpeg,186.3,4+,_,voorrang,_,False,True,63001,186263044_aug2
186263044,-0.5989587700008008,0.45254169101499625,1,0,/assets/images/186263044.jpeg,186.3,4+,_,voorrang,_,False,True,81333,186263044_aug3
186263044,-0.5989587700008008,0.46314403432818074,1,0,/assets/images/186263044.jpeg,186.3,4+,_,voorrang,_,False,True,73462,186263044_aug4
184275160,-0.6194554865800614,0.49806057170492374,1,0,/assets/images/184275160.jpeg,222.8,4+,_,VRI,_,False,True,9998,184275160_aug1
184275160,-0.6194554865800614,0.4360015447740633,1,0,/assets/images/184275160.jpeg,222.8,4+,_,VRI,_,False,True,70990,184275160_aug2
184275160,-0.6194554865800614,0.4428342962984534,1,0,/assets/images/184275160.jpeg,222.8,4+,_,VRI,_,False,True,50931,184275160_aug3
184275160,-0.6194554865800614,0.4731391168508681,1,0,/assets/images/184275160.jpeg,222.8,4+,_,VRI,_,False,True,5450,184275160_aug4
600485593,-0.6271977215946944,0.424511678255965,1,0,/assets/images/600485593.jpeg,,,,,,,True,21914,600485593_aug1
600485593,-0.6271977215946944,0.4796957346042853,1,0,/assets/images/600485593.jpeg,,,,,,,True,88414,600485593_aug2
600485593,-0.6271977215946944,0.4504517900054445,1,0,/assets/images/600485593.jpeg,,,,,,,True,37116,600485593_aug3
600485593,-0.6271977215946944,0.4397347465471218,1,0,/assets/images/600485593.jpeg,,,,,,,True,9173,600485593_aug4
178273039,-0.6428428597368421,0.464604643390554,41,14,/assets/images/178273039.jpeg,337.5,T,_,geen_voorrang,_,False,True,59196,178273039_aug1
178273039,-0.6428428597368421,0.45226194775792755,41,14,/assets/images/178273039.jpeg,337.5,T,_,geen_voorrang,_,False,True,45856,178273039_aug2
178273039,-0.6428428597368421,0.46328527165523253,41,14,/assets/images/178273039.jpeg,337.5,T,_,geen_voorrang,_,False,True,87269,178273039_aug3
178273039,-0.6428428597368421,0.482460067687219,41,14,/assets/images/178273039.jpeg,337.5,T,_,geen_voorrang,_,False,True,57241,178273039_aug4
186273103,-0.6671449112129739,0.4186141672370059,6,1,/assets/images/186273103.jpeg,19.4,4+,_,VRI,_,True,True,54126,186273103_aug1
186273103,-0.6671449112129739,0.4694957719053602,6,1,/assets/images/186273103.jpeg,19.4,4+,_,VRI,_,True,True,30134,186273103_aug2
186273103,-0.6671449112129739,0.4704431724654681,6,1,/assets/images/186273103.jpeg,19.4,4+,_,VRI,_,True,True,25750,186273103_aug3
186273103,-0.6671449112129739,0.4558188658375699,6,1,/assets/images/186273103.jpeg,19.4,4+,_,VRI,_,True,True,64923,186273103_aug4
192274041,-0.671584677592562,0.45368440255893505,1,0,/assets/images/192274041.jpeg,6.6,T,_,geen_voorrang,_,False,True,46166,192274041_aug1
192274041,-0.671584677592562,0.4857291358805352,1,0,/assets/images/192274041.jpeg,6.6,T,_,geen_voorrang,_,False,True,50835,192274041_aug2
192274041,-0.671584677592562,0.44809650738066475,1,0,/assets/images/192274041.jpeg,6.6,T,_,geen_voorrang,_,False,True,12934,192274041_aug3
192274041,-0.671584677592562,0.4499126965443507,1,0,/assets/images/192274041.jpeg,6.6,T,_,geen_voorrang,_,False,True,11922,192274041_aug4
600409842,-1.049203894740652,0.30711068465928465,5,0,/assets/images/600409842.jpeg,333.0,4+,_,geen_voorrang,_,True,True,9341,600409842_aug1
600409842,-1.049203894740652,0.3306853127669967,5,0,/assets/images/600409842.jpeg,333.0,4+,_,geen_voorrang,_,True,True,30471,600409842_aug2
600409842,-1.049203894740652,0.33030206954378266,5,0,/assets/images/600409842.jpeg,333.0,4+,_,geen_voorrang,_,True,True,40078,600409842_aug3
600409842,-1.049203894740652,0.3073565291956435,5,0,/assets/images/600409842.jpeg,333.0,4+,_,geen_voorrang,_,True,True,63463,600409842_aug4
181272016,-1.049203894740653,0.2825642365948055,5,0,/assets/images/181272016.jpeg,158.9,4+,_,geen_voorrang,_,False,True,84011,181272016_aug1
181272016,-1.049203894740653,0.30167622305483915,5,0,/assets/images/181272016.jpeg,158.9,4+,_,geen_voorrang,_,False,True,21763,181272016_aug2
181272016,-1.049203894740653,0.3181600735816561,5,0,/assets/images/181272016.jpeg,158.9,4+,_,geen_voorrang,_,False,True,92045,181272016_aug3
181272016,-1.049203894740653,0.36276852856322167,5,0,/assets/images/181272016.jpeg,158.9,4+,_,geen_voorrang,_,False,True,3606,181272016_aug4
186275130,-1.2555605951232347,0.23773870601367805,5,0,/assets/images/186275130.jpeg,4.9,4+,_,voorrang,_,False,True,14793,186275130_aug1
186275130,-1.2555605951232347,0.26393469738952974,5,0,/assets/images/186275130.jpeg,4.9,4+,_,voorrang,_,False,True,22560,186275130_aug2
186275130,-1.2555605951232347,0.2512932515797087,5,0,/assets/images/186275130.jpeg,4.9,4+,_,voorrang,_,False,True,58971,186275130_aug3
186275130,-1.2555605951232347,0.26068704132881826,5,0,/assets/images/186275130.jpeg,4.9,4+,_,voorrang,_,False,True,70200,186275130_aug4
179274126,-1.4402422933285837,0.1901939887531226,3,0,/assets/images/179274126.jpeg,126.4,4+,_,VRI,_,False,True,61664,179274126_aug1
179274126,-1.4402422933285837,0.21825618908549008,3,0,/assets/images/179274126.jpeg,126.4,4+,_,VRI,_,False,True,31622,179274126_aug2
179274126,-1.4402422933285837,0.19710593967804826,3,0,/assets/images/179274126.jpeg,126.4,4+,_,VRI,_,False,True,19698,179274126_aug3
179274126,-1.4402422933285837,0.24893263296271956,3,0,/assets/images/179274126.jpeg,126.4,4+,_,VRI,_,False,True,43142,179274126_aug4
181263098,-1.5867537449057318,0.17804323756468207,4,0,/assets/images/181263098.jpeg,77.8,4+,_,VRI,_,False,True,96177,181263098_aug1
181263098,-1.5867537449057318,0.15120935099602278,4,0,/assets/images/181263098.jpeg,77.8,4+,_,VRI,_,False,True,51274,181263098_aug2
181263098,-1.5867537449057318,0.14824328354470478,4,0,/assets/images/181263098.jpeg,77.8,4+,_,VRI,_,False,True,12827,181263098_aug3
181263098,-1.5867537449057318,0.14597079580927452,4,0,/assets/images/181263098.jpeg,77.8,4+,_,VRI,_,False,True,92105,181263098_aug4
183268167,-1.6282922790364762,0.14448949034821468,3,0,/assets/images/183268167.jpeg,261.8,4+,_,voorrang,_,False,True,26877,183268167_aug1
183268167,-1.6282922790364762,0.11885271938534825,3,0,/assets/images/183268167.jpeg,261.8,4+,_,voorrang,_,False,True,79987,183268167_aug2
183268167,-1.6282922790364762,0.1481331813800649,3,0,/assets/images/183268167.jpeg,261.8,4+,_,voorrang,_,False,True,38393,183268167_aug3
183268167,-1.6282922790364762,0.1491951678953322,3,0,/assets/images/183268167.jpeg,261.8,4+,_,voorrang,_,False,True,49414,183268167_aug4
184273056,-1.6854718175271606,0.1246369898815313,3,0,/assets/images/184273056.jpeg,49.5,T,_,voorrang,_,True,True,86852,184273056_aug1
184273056,-1.6854718175271606,0.11158138706567286,3,0,/assets/images/184273056.jpeg,49.5,T,_,voorrang,_,True,True,84199,184273056_aug2
184273056,-1.6854718175271606,0.11113290062585844,3,0,/assets/images/184273056.jpeg,49.5,T,_,voorrang,_,True,True,56529,184273056_aug3
184273056,-1.6854718175271606,0.13601730424608968,3,0,/assets/images/184273056.jpeg,49.5,T,_,voorrang,_,True,True,33413,184273056_aug4
180271187,-2.046535875371874,0.0,6,0,/assets/images/180271187.jpeg,164.4,4+,_,VRI,_,False,True,6655,180271187_aug1
180271187,-2.046535875371874,0.0,6,0,/assets/images/180271187.jpeg,164.4,4+,_,VRI,_,False,True,74269,180271187_aug2
180271187,-2.046535875371874,0.02727724459627819,6,0,/assets/images/180271187.jpeg,164.4,4+,_,VRI,_,False,True,70616,180271187_aug3
180271187,-2.046535875371874,0.01790369963943372,6,0,/assets/images/180271187.jpeg,164.4,4+,_,VRI,_,False,True,85654,180271187_aug4
